gen,share_pureA,share_pureB,share_foster,share_dedicate,share_cohabit,dev_pureA,dev_pureB,dev_foster,dev_dedicate,dev_cohabit,mixed,fail
0,0.35800,0.04667,0.10600,0.03733,0.45200,0.14806,0.16236,0.15269,0.13497,0.15408,0.59533,0.07000
1,0.73333,0.08267,0.13200,0.04133,0.01067,0.22477,0.22240,0.22652,0.20617,0.21333,0.18400,0.45200
2,0.73467,0.06800,0.14533,0.03133,0.02067,0.21225,0.22342,0.19675,0.19131,0.21143,0.19733,0.01067
3,0.72600,0.07933,0.14733,0.03133,0.01600,0.21030,0.21970,0.21113,0.23354,0.22204,0.19467,0.02067
4,0.69933,0.10333,0.14667,0.03467,0.01600,0.21170,0.21453,0.21268,0.21735,0.19473,0.19733,0.01600
5,0.60467,0.06333,0.14267,0.17067,0.01867,0.21178,0.20924,0.20152,0.23656,0.18979,0.33200,0.01600
6,0.72067,0.07467,0.13867,0.05067,0.01533,0.21473,0.21664,0.21271,0.20615,0.23029,0.20467,0.14533
7,0.72467,0.08000,0.14200,0.03800,0.01533,0.21139,0.20053,0.22504,0.19546,0.21982,0.19533,0.01533
8,0.72600,0.07867,0.13600,0.04733,0.01200,0.21171,0.21191,0.20604,0.23935,0.19561,0.19533,0.01533
9,0.72867,0.09067,0.13133,0.03600,0.01333,0.21444,0.21038,0.21399,0.21810,0.20934,0.18067,0.01200
10,0.73133,0.07267,0.14933,0.03267,0.01400,0.21581,0.21871,0.20780,0.20233,0.29790,0.19600,0.01333
11,0.70600,0.08200,0.16933,0.02667,0.01600,0.21651,0.21794,0.20784,0.21880,0.18769,0.21200,0.01400
12,0.70267,0.09600,0.15067,0.03600,0.01467,0.21522,0.22750,0.21802,0.21305,0.21486,0.20133,0.01600
13,0.72267,0.06867,0.15333,0.03933,0.01600,0.21505,0.19673,0.20748,0.20817,0.25048,0.20867,0.01467
14,0.71400,0.10200,0.14133,0.02733,0.01533,0.21054,0.21968,0.21827,0.21327,0.21581,0.18400,0.01600
15,0.69667,0.10400,0.15533,0.03067,0.01333,0.21389,0.19966,0.21448,0.19085,0.18650,0.19933,0.01533
16,0.66067,0.09067,0.17933,0.05333,0.01600,0.20746,0.20175,0.20063,0.21177,0.18568,0.24867,0.01333
17,0.69600,0.08733,0.14533,0.05400,0.01733,0.19801,0.20847,0.21171,0.20077,0.20317,0.21667,0.01667
18,0.68733,0.10000,0.15467,0.04200,0.01600,0.20939,0.21314,0.20167,0.22638,0.19036,0.21267,0.01733
19,0.70400,0.07733,0.15933,0.04733,0.01200,0.20784,0.20241,0.20321,0.21430,0.20519,0.21867,0.01600
20,0.69267,0.07800,0.17733,0.03867,0.01333,0.21050,0.19744,0.20620,0.21830,0.20762,0.22933,0.01200
21,0.67800,0.08400,0.19333,0.02867,0.01600,0.20864,0.21144,0.20832,0.22317,0.19599,0.23800,0.01333
22,0.65333,0.09267,0.18600,0.05200,0.01600,0.20874,0.20481,0.21369,0.18193,0.18339,0.25400,0.01600
23,0.65800,0.09533,0.17133,0.05600,0.01933,0.19907,0.19190,0.21290,0.20340,0.22260,0.24667,0.01600
24,0.70267,0.10733,0.13800,0.03600,0.01600,0.20180,0.18783,0.20593,0.22661,0.18484,0.19000,0.01933
25,0.74133,0.06933,0.14267,0.02800,0.01867,0.21351,0.18923,0.20878,0.22478,0.22727,0.18933,0.01600
26,0.69933,0.07667,0.13200,0.07600,0.01600,0.21595,0.20300,0.22671,0.21533,0.19450,0.22400,0.01867
27,0.71400,0.07333,0.17200,0.02333,0.01733,0.20788,0.19160,0.21282,0.18770,0.18254,0.21267,0.04733
28,0.62667,0.10533,0.21133,0.04133,0.01533,0.20681,0.20122,0.20201,0.24348,0.17964,0.26800,0.01733
29,0.63933,0.10267,0.17867,0.05667,0.02267,0.19816,0.19160,0.19562,0.19884,0.19793,0.25800,0.01533
30,0.69533,0.09667,0.15267,0.03800,0.01733,0.19772,0.21041,0.19933,0.22343,0.20527,0.20800,0.02267
31,0.68400,0.08000,0.16400,0.05733,0.01467,0.20880,0.19972,0.22167,0.18882,0.21987,0.23600,0.01733
32,0.67600,0.09133,0.17933,0.04000,0.01333,0.20153,0.20235,0.20511,0.19124,0.15805,0.23267,0.01467
33,0.73333,0.09200,0.12933,0.03067,0.01467,0.20498,0.20407,0.21388,0.21412,0.21936,0.17467,0.01333
34,0.70533,0.07733,0.16533,0.03000,0.02200,0.21528,0.21622,0.21653,0.19601,0.20460,0.21733,0.01467
35,0.67800,0.07933,0.19133,0.03267,0.01867,0.20802,0.20580,0.21073,0.22593,0.23892,0.24267,0.02200
36,0.65267,0.11800,0.14933,0.06600,0.01400,0.20648,0.19728,0.19064,0.19055,0.21260,0.22933,0.01867
37,0.70800,0.09200,0.13933,0.04867,0.01200,0.20119,0.20048,0.20588,0.19331,0.15521,0.20000,0.01400
38,0.69333,0.08067,0.15933,0.04200,0.02467,0.20779,0.20299,0.19992,0.18333,0.20268,0.22600,0.01200
39,0.70467,0.08200,0.15667,0.04067,0.01600,0.21001,0.20978,0.21115,0.21245,0.23804,0.21333,0.02467
40,0.64333,0.11267,0.18533,0.03867,0.02000,0.20990,0.20973,0.21429,0.21371,0.21817,0.24400,0.01600
41,0.70600,0.07800,0.15600,0.04800,0.01200,0.20628,0.22029,0.21431,0.20035,0.23256,0.21600,0.02000
42,0.70733,0.08200,0.15467,0.03800,0.01800,0.21023,0.19833,0.22128,0.23283,0.21389,0.21067,0.01200
43,0.69067,0.09400,0.16200,0.03733,0.01600,0.21172,0.21330,0.20479,0.20245,0.15768,0.21533,0.01800
44,0.66267,0.10533,0.17533,0.04333,0.01333,0.20750,0.20646,0.20524,0.21176,0.19824,0.23200,0.01600
45,0.70533,0.09000,0.15467,0.03133,0.01867,0.20339,0.20834,0.20867,0.22815,0.19275,0.20467,0.01333
46,0.68400,0.07000,0.18533,0.04000,0.02067,0.21781,0.19494,0.20443,0.22132,0.23087,0.24600,0.01867
47,0.69467,0.11733,0.14400,0.03067,0.01333,0.20448,0.20251,0.20250,0.24410,0.20386,0.18800,0.02067
48,0.65267,0.09867,0.17867,0.05467,0.01533,0.20448,0.20204,0.21609,0.19680,0.24417,0.24867,0.01333
49,0.71067,0.07267,0.16133,0.03867,0.01667,0.20375,0.20979,0.20438,0.20857,0.20434,0.21667,0.01533
50,0.68400,0.08333,0.17600,0.03867,0.01800,0.21612,0.19742,0.21183,0.23073,0.22035,0.23267,0.01667
51,0.67467,0.09267,0.16600,0.04533,0.02133,0.20769,0.20640,0.20051,0.22251,0.20799,0.23267,0.01800
52,0.69067,0.09200,0.16400,0.04467,0.00867,0.20697,0.21487,0.21414,0.19354,0.19751,0.21733,0.02133
53,0.69400,0.08067,0.17267,0.03467,0.01800,0.20553,0.21835,0.19570,0.22388,0.18821,0.22533,0.00867
54,0.66933,0.09333,0.15467,0.06800,0.01467,0.20816,0.21319,0.22269,0.21014,0.17728,0.23733,0.01800
55,0.73467,0.08200,0.14000,0.02800,0.01533,0.20012,0.20497,0.19792,0.21749,0.20414,0.18333,0.01733
56,0.71667,0.06800,0.16467,0.03533,0.01533,0.21539,0.22085,0.22126,0.19443,0.19875,0.21533,0.01533
57,0.69667,0.08600,0.16200,0.04333,0.01200,0.20743,0.21280,0.21581,0.21789,0.20484,0.21733,0.01533
58,0.70800,0.07200,0.14733,0.05667,0.01600,0.21338,0.18934,0.21331,0.19510,0.19418,0.22000,0.01200
59,0.72200,0.08067,0.15133,0.03067,0.01533,0.20684,0.22219,0.21441,0.20869,0.19120,0.19733,0.01867
60,0.68333,0.08333,0.17800,0.04333,0.01200,0.21023,0.21886,0.21836,0.21846,0.23830,0.23333,0.01533
61,0.75400,0.07067,0.13067,0.02867,0.01600,0.20657,0.22075,0.20490,0.17713,0.21687,0.17533,0.01200
62,0.71733,0.08667,0.15467,0.02200,0.01933,0.21910,0.22952,0.21330,0.22876,0.22370,0.19600,0.01600
63,0.71067,0.09133,0.14667,0.03867,0.01267,0.21805,0.21275,0.20505,0.20284,0.21313,0.19800,0.01933
64,0.72400,0.07667,0.15267,0.03267,0.01400,0.21047,0.20605,0.20950,0.18552,0.18628,0.19933,0.01267
65,0.71933,0.07800,0.14333,0.04133,0.01800,0.21172,0.23897,0.20825,0.24053,0.23478,0.20267,0.01400
66,0.73067,0.07000,0.14733,0.03133,0.02067,0.21694,0.21166,0.21941,0.25595,0.21835,0.19933,0.01800
67,0.67600,0.09667,0.16733,0.04267,0.01733,0.21373,0.20777,0.21716,0.23168,0.23632,0.22733,0.02067
68,0.73267,0.06133,0.15600,0.03400,0.01600,0.20929,0.20925,0.20341,0.20334,0.21151,0.20600,0.01733
69,0.66733,0.10467,0.16533,0.04800,0.01467,0.21415,0.22456,0.22145,0.21287,0.18710,0.22800,0.01600
70,0.73733,0.08133,0.13467,0.03067,0.01600,0.21113,0.21499,0.21095,0.20269,0.20729,0.18133,0.01467
71,0.69867,0.08533,0.16667,0.03533,0.01400,0.21505,0.21250,0.21669,0.22866,0.23329,0.21600,0.01600
72,0.70067,0.09067,0.15800,0.03533,0.01533,0.21066,0.21235,0.20501,0.19375,0.18508,0.20867,0.01400
73,0.71133,0.09333,0.14133,0.03667,0.01733,0.20779,0.19980,0.20281,0.21588,0.21189,0.19533,0.01533
74,0.70467,0.07733,0.16733,0.03600,0.01467,0.20929,0.22049,0.20914,0.21107,0.20680,0.21800,0.01733
75,0.65467,0.09733,0.18533,0.04733,0.01533,0.20442,0.20839,0.20918,0.21556,0.19855,0.24800,0.01467
76,0.67800,0.06667,0.18733,0.05067,0.01733,0.19656,0.19082,0.19706,0.20181,0.19497,0.25533,0.01533
77,0.66533,0.08933,0.17800,0.04867,0.01867,0.20374,0.18772,0.19563,0.20655,0.18394,0.24533,0.01733
78,0.70000,0.08800,0.16333,0.03467,0.01400,0.20655,0.21095,0.18827,0.19859,0.15368,0.21200,0.01867
79,0.67933,0.08933,0.16867,0.04800,0.01467,0.21042,0.21223,0.19992,0.22665,0.22071,0.23133,0.01400
