c_f\beta,0.150,0.245,0.341,0.436,0.532,0.627,0.723,0.818,0.914,1.009,1.105,1.200
0.050,0.4535,0.3902,0.3420,0.3232,0.2903,0.2562,0.2012,0.2370,0.2160,0.2042,0.1657,0.1688
0.091,0.4343,0.3825,0.3503,0.3035,0.2730,0.2322,0.2210,0.1933,0.2057,0.1695,0.1638,0.1722
0.132,0.4445,0.3908,0.3403,0.2780,0.2527,0.2587,0.1905,0.2070,0.2108,0.1773,0.1598,0.1452
0.173,0.4503,0.3860,0.3000,0.2547,0.2402,0.2362,0.2158,0.1728,0.1433,0.1847,0.1365,0.1662
0.214,0.4490,0.3705,0.3188,0.2922,0.2392,0.2068,0.1933,0.2025,0.1578,0.1753,0.1597,0.1462
0.255,0.4647,0.3790,0.3257,0.2723,0.2250,0.2148,0.1747,0.1895,0.1643,0.1522,0.1403,0.1320
0.295,0.4493,0.3758,0.3047,0.2633,0.2140,0.2100,0.1702,0.1875,0.1508,0.1440,0.1417,0.1333
0.336,0.4097,0.3625,0.2997,0.2477,0.2247,0.1930,0.1677,0.1718,0.1478,0.1588,0.1457,0.1243
0.377,0.4333,0.3432,0.3072,0.2558,0.2280,0.2095,0.1878,0.1545,0.1293,0.1372,0.1187,0.1152
0.418,0.4215,0.3442,0.2977,0.2485,0.2153,0.1853,0.1648,0.1483,0.1358,0.1343,0.1135,0.1078
0.459,0.4260,0.3440,0.2893,0.2252,0.2127,0.1665,0.1803,0.1358,0.1362,0.1278,0.1165,0.1060
0.500,0.4132,0.3485,0.2818,0.2228,0.1877,0.1738,0.1418,0.1210,0.1377,0.1235,0.1058,0.1020
