beta,s_ext,share_pureA,share_pureB,share_foster,share_dedicate,share_cohabit,mixed
0.3,0.0,0.1527,0.2850,0.2106,0.2116,0.1402,0.5623
0.3,0.5,0.2537,0.2500,0.2190,0.1836,0.0938,0.4963
0.3,1.0,0.3382,0.2267,0.2128,0.1548,0.0676,0.4351
0.3,1.5,0.4136,0.1862,0.2250,0.1320,0.0432,0.4002
0.3,2.0,0.5058,0.1529,0.2110,0.0979,0.0324,0.3413
0.3,2.5,0.5790,0.1281,0.1914,0.0752,0.0262,0.2929
0.3,3.0,0.6161,0.1070,0.1922,0.0612,0.0234,0.2769
0.6,0.0,0.1393,0.3538,0.1933,0.2020,0.1116,0.5069
0.6,0.5,0.2960,0.2749,0.2121,0.1662,0.0508,0.4291
0.6,1.0,0.4643,0.1826,0.2136,0.1064,0.0331,0.3531
0.6,1.5,0.5883,0.1349,0.1873,0.0674,0.0220,0.2768
0.6,2.0,0.6924,0.0849,0.1654,0.0398,0.0174,0.2227
0.6,2.5,0.7649,0.0646,0.1292,0.0272,0.0141,0.1706
0.6,3.0,0.7692,0.0530,0.1408,0.0251,0.0119,0.1778
1.0,0.0,0.1214,0.4273,0.1784,0.1957,0.0771,0.4512
1.0,0.5,0.3883,0.2234,0.2240,0.1341,0.0301,0.3882
1.0,1.0,0.6158,0.1298,0.1851,0.0506,0.0188,0.2544
1.0,1.5,0.7113,0.0722,0.1679,0.0332,0.0153,0.2164
1.0,2.0,0.7960,0.0482,0.1206,0.0227,0.0126,0.1558
1.0,2.5,0.8089,0.0384,0.1091,0.0327,0.0109,0.1527
1.0,3.0,0.8464,0.0308,0.0980,0.0146,0.0102,0.1228
